,species,family ,suborder ,sum radii ,67,68,69,70,71,72,73,74,75,76,77,78,79,80,81,82,83,84,85,86,87,88,89,90,91,92,93,94,95,96,97,98,99,100,101,102,103,104,105,106,107,108,109,110,111,112,113,114,115,116,117,118,119,120,121,122,123
1,Berardius arnuxii NHM 1935.10.23.1,Ziphiidae ,odontocete,0.253872,0.002183,0.004323,0.006362,0.002501,0.004865,0.011841,0.008694,0.009314,0.00819,0.005316,0.008761,0.001103,0.004405,0.005353,0.006183,0.002541,0.002301,0.002029,0.008164,0.009962,0.00514,0.001514,0.002203,0.00337,0.003789,0.004584,0.00058,0.001689,0.00546,0.006027,0.002183,0.00311,0.007574,0.004741,0.000447,0.003979,0.000581,0.001427,0.001637,0.00251,0.005739,0.005279,0.006332,0.003621,0.00289,0.003101,0.00225,0.003398,0.002091,0.005024,0.006469,0.004957,0.007919,0.002427,0.002289,0.001963,0.011186
2,Berardius bairdii NHM 1954.9.21.1,Ziphiidae ,odontocete,0.284712,0.005387,0.009986,0.008317,0.004712,0.010214,0.012345,0.010712,0.009041,0.009943,0.005318,0.009764,0.002201,0.004538,0.002026,0.003513,0.00099,0.002858,0.003686,0.008975,0.013183,0.00452,0.003703,0.003538,0.00604,0.004096,0.004041,0.003781,0.003569,0.009332,0.004999,0.00142,0.003543,0.009956,0.003166,0.004816,0.001695,0.003661,0.004374,0.000681,0.002638,0.003572,0.000986,0.006359,0.002827,0.002758,0.001515,0.004739,0.001646,0.001294,0.003061,0.001432,0.001979,0.010291,0.002367,0.004112,0.001698,0.012796
3,Berardius minimus USNM 276366,Ziphiidae ,odontocete,0.233649,0.006411,0.011326,0.015214,0.009793,0.011731,0.0023,0.00219,0.010435,0.001745,0.001042,0.01135,0.001813,0.007263,0.002065,0.003823,0.004811,0.005447,0.002324,0.002591,0.003951,0.00253,0.003569,0.002288,0.007276,0.002375,0.000512,0.001785,0.002792,0.003598,0.001398,0.002707,0.001509,0.001956,0.002891,0.003223,0.004754,0.001892,0.00173,0.0019,0.004909,0.004261,0.00526,0.004022,0.000284,0.001037,0.002528,0.002164,0.002105,0.000612,0.000953,0.00204,0.006581,0.002826,0.007353,0.009999,0.00386,0.004543
4,Cephalorhynchus commersonii NN,Delphinidae,odontocete,0.271384,0.01632,0.009125,0.008799,0.009819,0.00927,0.001186,0.00134,0.006194,0.009397,0.000544,0.009444,0.001441,0.002306,0.00197,0.004457,0.001415,0.001114,0.00186,0.001217,0.000594,0.003531,0.002312,0.003227,0.006171,0.003633,0.00565,0.004667,0.00413,0.004257,0.007872,0.0037,0.007934,0.001013,0.002183,0.002862,0.003461,0.004909,0.002637,0.002188,0.003573,0.002269,0.005838,0.010598,0.003269,0.003751,0.002946,0.008631,0.002543,0.002369,0.005217,0.003424,0.001351,0.001055,0.010634,0.010034,0.010341,0.009389
5,Cephalorhynchus eutropia NHM 1881.8.17.1,Delphinidae,odontocete,0.321463,0.011325,0.007947,0.007898,0.006457,0.009794,0.007211,0.008872,0.008001,0.00896,0.007427,0.007053,0.003013,0.003271,0.000948,0.006351,0.00292,0.003348,0.003202,0.007615,0.008757,0.008243,0.010003,0.000514,0.003579,0.008412,0.00331,0.005571,0.007944,0.008152,0.004032,0.008254,0.0026,0.008016,0.003387,0.004645,0.002577,0.005847,0.003564,0.003981,0.006045,0.005537,0.003766,0.005667,0.00223,0.006994,0.004337,0.003134,0.004151,0.002969,0.001235,0.004569,0.002778,0.007461,0.011074,0.005922,0.003273,0.007319
6,Cephalorhynchus heavisidii NHM 1948.7.27.1,Delphinidae,odontocete,0.266068,0.009717,0.003723,0.004756,0.004036,0.009296,0.003464,0.004093,0.009724,0.00399,0.002368,0.004281,0.005971,0.003617,0.002837,0.003757,0.002733,0.002718,0.007112,0.00506,0.004393,0.00489,0.001722,0.003031,0.004897,0.005894,0.00546,0.003828,0.009972,0.00618,0.005144,0.005392,0.004519,0.005541,0.003229,0.005504,0.003384,0.004977,0.003157,0.004285,0.003673,0.003005,0.005948,0.007716,0.002215,0.00581,0.003469,0.002768,0.003101,0.001521,0.002493,0.003827,0.003225,0.005352,0.00606,0.004027,0.005734,0.007472
7,Cephalorhynchus hectori maui NMNZ MM002607,Delphinidae,odontocete,0.290536,0.015963,0.013225,0.013411,0.012059,0.008655,0.001033,0.002534,0.005295,0.009959,0.000692,0.012834,0.005384,0.001075,0.003946,0.002653,0.001326,0.001722,0.002393,0.000474,0.000478,0.008503,0.003265,0.003761,0.002314,0.007925,0.003051,0.006304,0.006206,0.009152,0.008189,0.003022,0.002988,0.000415,0.002835,0.003002,0.003273,0.006736,0.003665,0.001777,0.005947,0.009182,0.006929,0.004644,0.001608,0.003311,0.005627,0.002404,0.005425,0.001541,0.001835,0.002564,0.002527,0.000468,0.011853,0.011827,0.00177,0.009582
8,Cephalorhynchus hectori NMNZ MM002288,Delphinidae,odontocete,0.278698,0.013657,0.010736,0.008284,0.008884,0.00913,0.002377,0.00321,0.014318,0.00344,0.001339,0.008056,0.007265,0.003249,0.003093,0.004108,0.00362,0.002617,0.001027,0.004908,0.003606,0.007881,0.0017,0.003418,0.001945,0.008338,0.004475,0.005089,0.007028,0.007972,0.006172,0.006268,0.000752,0.005001,0.001699,0.00222,0.003976,0.005093,0.002255,0.002015,0.005812,0.00213,0.009605,0.00807,0.001201,0.002958,0.002269,0.003331,0.002191,0.001004,0.003045,0.001857,0.002701,0.004677,0.00836,0.008926,0.002243,0.008102
9,Delphinapterus leucas USNM 305071,Monodontidae,odontocete,0.453375,0.013633,0.021696,0.018962,0.020675,0.021669,0.001379,0.00273,0.020712,0.002918,0.002101,0.017545,0.007809,0.008259,0.005633,0.005795,0.006641,0.006209,0.008653,0.004173,0.003513,0.008857,0.007002,0.00758,0.007643,0.007549,0.002902,0.004262,0.00487,0.004248,0.002885,0.006569,0.004529,0.004019,0.009463,0.006142,0.006337,0.004005,0.004918,0.003929,0.003501,0.004548,0.004052,0.004083,0.014954,0.016756,0.003252,0.006652,0.002685,0.007888,0.002317,0.003166,0.002011,0.004374,0.032751,0.020451,0.010011,0.00151
10,Delphinus capensis NHM 1981.7.11,Delphinidae,odontocete,0.210715,0.002596,0.012187,0.007694,0.009666,0.005434,0.001244,0.002702,0.011844,0.008388,0.002044,0.010275,0.00333,0.001988,0.001153,0.00231,0.002284,0.001937,0.021797,0.001823,0.001309,0.002637,0.002118,0.006022,0.002662,0.002772,0.000895,0.001737,0.002146,0.003571,0.002509,0.001782,0.001805,0.002131,0.000999,0.000803,0.005182,0.001591,0.000753,0.000598,0.002029,0.00084,0.002291,0.003124,0.001497,0.002434,0.001623,0.001817,0.001701,0.001303,0.003291,0.00126,0.00192,0.002068,0.007878,0.009421,0.002114,0.009384
11,Delphinus delphis AMNH 75332,Delphinidae,odontocete,0.266721,0.012717,0.015505,0.010501,0.011711,0.010711,0.001024,0.001297,0.018076,0.009233,0.000392,0.010617,0.001702,0.001662,0.003252,0.005486,0.001159,0.002113,0.00168,0.001404,0.001341,0.003391,0.002179,0.002172,0.001756,0.004088,0.004515,0.004525,0.003077,0.003492,0.004708,0.003066,0.006007,0.001267,0.007844,0.00345,0.000789,0.004345,0.00073,0.003826,0.003569,0.004931,0.001481,0.001069,0.001753,0.003895,0.002522,0.001667,0.002301,0.002766,0.001559,0.004833,0.009859,0.001494,0.01338,0.011818,0.001283,0.009731
12,Feresa attenuata USNM 504916,Delphinidae,odontocete,0.369323,0.018118,0.016446,0.014357,0.019248,0.023679,0.002562,0.000916,0.023162,0.008013,0.001588,0.014925,0.001287,0.003131,0.005471,0.006201,0.00484,0.00461,0.001895,0.000104,0.001045,0.009321,0.001541,0.00476,0.002782,0.009551,0.002428,0.006326,0.007206,0.008844,0.007241,0.00646,0.001299,0.00095,0.005297,0.006187,0.004806,0.006037,0.006785,0.005845,0.004893,0.008191,0.005136,0.003576,0.004886,0.002375,0.001824,0.005134,0.001698,0.002529,0.003737,0.002916,0.004077,0.001017,0.006085,0.019567,0.00697,0.009446
13,Globicephala macrorhynchus NHM 1912.10.27,Delphinidae,odontocete,0.406998,0.011264,0.016691,0.010213,0.016263,0.011666,0.013884,0.010367,0.02445,0.010556,0.006058,0.015322,0.002948,0.005275,0.007331,0.00636,0.004209,0.003591,0.004285,0.012775,0.01003,0.00603,0.004173,0.003248,0.003269,0.005543,0.006538,0.005775,0.00956,0.006517,0.005019,0.007369,0.002672,0.011898,0.002206,0.002302,0.003232,0.006526,0.001559,0.00334,0.003926,0.001705,0.005778,0.005151,0.008881,0.005273,0.002896,0.001577,0.00281,0.001921,0.006737,0.002127,0.002583,0.010972,0.014242,0.016638,0.003812,0.009656
14,Globicephala melas NMNZ MM001946,Delphinidae,odontocete,0.409927,0.01585,0.022349,0.010674,0.01094,0.013777,0.005971,0.002414,0.014003,0.009984,0.002755,0.015973,0.004835,0.006778,0.007503,0.007607,0.006402,0.006031,0.004943,0.006493,0.00514,0.003242,0.011808,0.006844,0.004796,0.003345,0.00419,0.004474,0.002591,0.003913,0.000749,0.004158,0.009639,0.005961,0.010943,0.007189,0.005971,0.00487,0.003327,0.001533,0.003281,0.006778,0.009011,0.01389,0.002486,0.005262,0.010338,0.005237,0.005024,0.001336,0.003757,0.006864,0.005689,0.007764,0.026248,0.022552,0.005585,0.004707
15,Grampus griseus USNM 571602,Delphinidae,odontocete,0.343466,0.012333,0.012555,0.010956,0.020682,0.011647,0.001097,0.000784,0.016065,0.008813,0.001197,0.01379,0.004578,0.004451,0.008397,0.007401,0.003528,0.004588,0.004387,0.000856,0.000678,0.002484,0.007159,0.004196,0.007343,0.002488,0.003371,0.00374,0.01101,0.005078,0.003887,0.00451,0.007238,0.000638,0.00872,0.005163,0.003635,0.003488,0.002019,0.002459,0.001372,0.00335,0.003537,0.00607,0.003457,0.001706,0.004145,0.001971,0.003928,0.000872,0.003721,0.002841,0.003709,0.000903,0.028061,0.019948,0.006502,0.009962
16,Hyperoodon ampullatus NHM 1992.42,Ziphiidae ,odontocete,0.308341,0.012005,0.014472,0.018963,0.007656,0.013521,0.006978,0.002151,0.030612,0.000688,0.000873,0.006407,0.002027,0.009432,0.003104,0.003005,0.002276,0.002819,0.003056,0.001597,0.000987,0.003047,0.006333,0.006413,0.008642,0.002275,0.004377,0.001434,0.00571,0.008073,0.00474,0.001623,0.009857,0.001568,0.003574,0.006959,0.008358,0.001748,0.001234,0.007126,0.006569,0.006454,0.001875,0.006853,0.001026,0.005327,0.003992,0.001277,0.003408,0.001387,0.002361,0.002023,0.003323,0.001063,0.006229,0.008141,0.004898,0.006417
17,Hyperoodon planifrons NHM 1952.9.30.1,Ziphiidae ,odontocete,0.270808,0.015699,0.014172,0.011185,0.013441,0.007967,0.002047,0.002527,0.001635,0.001716,0.000541,0.012396,0.00516,0.00062,0.001863,0.002694,0.002332,0.007483,0.003242,0.001911,0.002139,0.005805,0.005361,0.003808,0.00304,0.006053,0.009301,0.002062,0.006988,0.008273,0.001876,0.004096,0.003555,0.003037,0.004777,0.004895,0.001828,0.002093,0.00334,0.001623,0.002964,0.005109,0.008019,0.002667,0.003409,0.004836,0.002717,0.001429,0.002522,0.002226,0.00319,0.003133,0.00323,0.001958,0.009857,0.013955,0.004734,0.002271
18,Indopacetus pacificus USNM 593534,Ziphiidae ,odontocete,0.362653,0.01199,0.014112,0.012812,0.01314,0.011119,0.013942,0.013902,0.008996,0.013716,0.014118,0.013293,0.002228,0.002483,0.004979,0.003261,0.003118,0.002931,0.001416,0.014127,0.015114,0.005304,0.003516,0.002654,0.005844,0.00552,0.000418,0.004464,0.007767,0.006311,0.00234,0.002645,0.002912,0.013876,0.003052,0.004276,0.003064,0.003917,0.003196,0.005583,0.003534,0.004248,0.0015,0.002648,0.003564,0.001903,0.003362,0.002097,0.002834,0.002052,0.002262,0.001467,0.001011,0.014256,0.00777,0.013272,0.002702,0.014714
19,Inia geoffrensis AMNH 93415,Iniidae ,odontocete,0.200504,0.007294,0.008582,0.005039,0.008935,0.009125,0.001045,0.003035,0.005138,0.002046,0.000615,0.003841,0.001981,0.003094,0.001361,0.001669,0.002637,0.001755,0.003248,0.001391,0.000988,0.00523,0.003912,0.002998,0.002948,0.005091,0.003063,0.003494,0.005333,0.009366,0.002565,0.002152,0.003606,0.003136,0.002345,0.00165,0.001348,0.004058,0.003273,0.002236,0.003282,0.002492,0.00393,0.005687,0.00092,0.002298,0.001688,0.001431,0.002148,0.002349,0.002686,0.002115,0.002663,0.004532,0.006104,0.008759,0.006578,0.000218
20,Kogia breviceps USNM 22015,Kogiidae ,odontocete,0.462434,0.022976,0.018691,0.016375,0.003072,0.013046,0.003433,0.001806,0.09844,0.001358,0.003101,0.020243,0.010839,0.005001,0.014673,0.003647,0.005947,0.004094,0.006502,0.00295,0.003803,0.003384,0.00906,0.007581,0.009081,0.002766,0.001648,0.003101,0.006501,0.001731,0.003097,0.005236,0.007093,0.003225,0.007096,0.006384,0.003691,0.002571,0.003409,0.002582,0.002586,0.005622,0.010332,0.011596,0.003336,0.00299,0.004383,0.001074,0.004941,0.003378,0.001057,0.001401,0.001825,0.003508,0.022547,0.021277,0.008269,0.003074
21,Kogia simus NHM.1952.8.28.1,Kogiidae ,odontocete,0.456996,0.008231,0.020863,0.017355,0.002817,0.026327,0.002908,0.003962,0.089273,0.002337,0.00259,0.018271,0.003651,0.004248,0.004814,0.004688,0.002352,0.002682,0.011834,0.003779,0.004915,0.008082,0.005458,0.006066,0.0067,0.007561,0.001595,0.003983,0.007475,0.014202,0.004253,0.008299,0.002898,0.003359,0.025353,0.008814,0.002773,0.00185,0.002287,0.002791,0.002053,0.006685,0.004439,0.003329,0.004684,0.003458,0.002521,0.005049,0.002048,0.001245,0.000823,0.001485,0.002586,0.00805,0.002209,0.020877,0.020059,0.003708
22,Lagenodelphis hosei USNM 571619,Delphinidae,odontocete,0.327616,0.007537,0.011453,0.014886,0.01727,0.013072,0.002632,0.002796,0.020979,0.008633,0.003041,0.01575,0.00143,0.002003,0.002992,0.004279,0.003079,0.001457,0.00188,0.002227,0.001648,0.003754,0.002844,0.009942,0.005744,0.004244,0.007106,0.004467,0.0051,0.005781,0.006039,0.002646,0.00196,0.002358,0.003939,0.002609,0.003192,0.004658,0.000782,0.003927,0.002837,0.00951,0.007118,0.012168,0.004435,0.00268,0.002964,0.004928,0.002379,0.00039,0.001647,0.002405,0.003463,0.002163,0.018519,0.016854,0.003169,0.009852
23,Lagenorhynchus acutus USNM 504196 (Leucopleurus),Delphinidae,odontocete,0.281787,0.007169,0.008837,0.015233,0.008337,0.009668,0.005085,0.004494,0.021969,0.004228,0.003757,0.010031,0.007062,0.008208,0.002281,0.003854,0.004072,0.004221,0.001637,0.004929,0.005358,0.003698,0.001819,0.002111,0.003668,0.003668,0.006216,0.004706,0.003638,0.00441,0.002786,0.004996,0.00126,0.0054,0.004903,0.005916,0.003095,0.005052,0.000893,0.003476,0.004104,0.003087,0.002146,0.006431,0.006643,0.003789,0.000645,0.001615,0.000689,0.001672,0.005148,0.002251,0.002356,0.004818,0.007455,0.009763,0.001802,0.005231
24,Lagenorhynchus albirostris AMNH 37162,Delphinidae,odontocete,0.355442,0.01815,0.013404,0.012766,0.015962,0.014815,0.003767,0.004628,0.018178,0.005103,0.002968,0.014269,0.004353,0.002626,0.003854,0.006517,0.00586,0.005737,0.003279,0.00409,0.003487,0.007749,0.004879,0.004456,0.004391,0.006011,0.00639,0.004643,0.003418,0.007083,0.00795,0.003642,0.001841,0.00368,0.002397,0.004224,0.001085,0.005202,0.005765,0.001786,0.003354,0.01013,0.002568,0.008804,0.002321,0.001842,0.003532,0.004906,0.004913,0.001298,0.007286,0.002073,0.007819,0.004063,0.01051,0.015831,0.003889,0.0099
25,Lagenorhynchus australis 1944.11.30.1 (Sagmatias),Delphinidae,odontocete,0.309338,0.01781,0.008856,0.007276,0.010017,0.008393,0.000827,0.002736,0.016943,0.008504,0.001757,0.009472,0.002622,0.002992,0.002609,0.003685,0.004997,0.00517,0.003305,0.001048,0.001573,0.006801,0.003402,0.002248,0.002316,0.007233,0.006273,0.008569,0.003029,0.007992,0.008916,0.003656,0.002489,0.001509,0.00258,0.011452,0.006864,0.009397,0.00153,0.004957,0.003514,0.008255,0.001751,0.003702,0.003189,0.004808,0.005543,0.001971,0.005278,0.001217,0.001401,0.003523,0.002381,0.001548,0.011078,0.010083,0.008979,0.009313
26,Lagenorhynchus cruciger NHMUK 1960.8.24.1 (Sagmatias) ,Delphinidae,odontocete,0.367589,0.021571,0.018053,0.006442,0.010475,0.0191,0.007462,0.008069,0.01474,0.007452,0.005204,0.009395,0.003199,0.003146,0.005082,0.004739,0.007035,0.006807,0.001724,0.008829,0.008033,0.006097,0.002958,0.006087,0.005792,0.006274,0.010742,0.008546,0.008209,0.008681,0.005992,0.006783,0.003634,0.008312,0.002965,0.002536,0.007618,0.008469,0.00047,0.002409,0.001289,0.003394,0.000567,0.010075,0.003605,0.003417,0.001848,0.002863,0.001543,0.00073,0.005314,0.002584,0.001672,0.009047,0.010402,0.010373,0.002235,0.0075
27,Lagenorhynchus obliquidens NHM 1992.83,Delphinidae,odontocete,0.245257,0.010951,0.007668,0.00348,0.011123,0.008098,0.001633,0.001451,0.009384,0.009897,0.001488,0.010515,0.002345,0.003125,0.004277,0.005724,0.001794,0.001954,0.002768,0.000672,0.001426,0.003452,0.001462,0.003784,0.000991,0.004249,0.006904,0.006412,0.006318,0.004669,0.006072,0.002069,0.000499,0.00058,0.003755,0.004355,0.006927,0.006399,0.003137,0.007098,0.002425,0.004832,0.004498,0.006014,0.001403,0.000552,0.002892,0.002857,0.003087,0.000894,0.003375,0.00146,0.000759,0.000602,0.010348,0.011242,0.001909,0.007205
28,Lagenorhynchus obscurus NHMUK 1846.3.11.8 (Sagmatias),Delphinidae,odontocete,0.246632,0.017666,0.013057,0.009223,0.008772,0.012425,0.001057,0.000482,0.023303,0.009172,0.001396,0.008285,0.005661,0.007134,0.004711,0.003034,0.002369,0.002412,0.002192,0.001242,0.000209,0.002538,0.002237,0.0035,0.006044,0.003065,0.000508,0.002373,0.005825,0.005968,0.002997,0.00229,0.001041,0.001637,0.003674,0.003522,0.003334,0.002502,0.002186,0.002788,0.00191,0.002265,0.0019,0.003207,0.001415,0.002621,0.004463,0.001823,0.004233,0.001066,0.001864,0.004242,0.001352,0.001503,0.009347,0.00877,0.001432,0.001389
29,Lipotes vexillifer AMNH 57333,Lipotidae ,odontocete,0.255362,0.011887,0.01424,0.012588,0.011458,0.010299,0.008304,0.003075,0.009798,0.002841,0.00081,0.008665,0.001064,0.001791,0.004315,0.002272,0.001655,0.001624,0.004722,0.002599,0.001946,0.002761,0.003168,0.003769,0.004762,0.002581,0.00245,0.002028,0.00467,0.004733,0.004153,0.002325,0.00457,0.002761,0.004734,0.00396,0.009271,0.002115,0.003123,0.001936,0.001584,0.003254,0.008866,0.003359,0.001667,0.002681,0.000734,0.001739,0.000897,0.001298,0.001717,0.001797,0.001414,0.002514,0.011949,0.011559,0.005529,0.006984
30,Lissodelphis borealis USNM 550188,Delphinidae,odontocete,0.253046,0.008186,0.012592,0.006889,0.011447,0.01005,0.003532,0.002184,0.012295,0.007355,0.002768,0.010059,0.002169,0.003999,0.004111,0.004102,0.005356,0.00293,0.000827,0.002332,0.002691,0.00594,0.002315,0.004323,0.00289,0.006386,0.005817,0.003252,0.003546,0.004886,0.002874,0.007624,0.001607,0.00225,0.001017,0.002979,0.004431,0.00588,0.001177,0.00493,0.001596,0.004035,0.002371,0.007878,0.002914,0.002079,0.000819,0.000999,0.000943,0.001432,0.000969,0.002194,0.001461,0.002659,0.009043,0.012141,0.005679,0.003837
31,Lissodelphis peronii NMNZ MM002116,Delphinidae,odontocete,0.303812,0.008955,0.018369,0.015758,0.016995,0.0068,0.004002,0.004168,0.014667,0.009616,0.001242,0.016638,0.002531,0.005866,0.002393,0.002553,0.001611,0.001334,0.002039,0.002746,0.00202,0.007932,0.001698,0.002349,0.00476,0.007045,0.004185,0.003549,0.003128,0.008301,0.003465,0.002254,0.001001,0.003097,0.002017,0.0036,0.003894,0.003827,0.00337,0.003445,0.004709,0.001847,0.001934,0.010313,0.002908,0.004028,0.002761,0.002235,0.002474,0.000757,0.001371,0.002712,0.001978,0.002647,0.018963,0.016827,0.002206,0.009923
32,Mesoplodon bidens USNM 593438,Ziphiidae ,odontocete,0.215769,0.003583,0.012954,0.003158,0.010705,0.01465,0.003721,0.001697,0.012251,0.00106,0.00121,0.005638,0.005673,0.005256,0.004892,0.003621,0.004472,0.003492,0.002385,0.001441,0.001682,0.002217,0.002142,0.002928,0.001207,0.002054,0.007086,0.003755,0.001802,0.003228,0.002673,0.00147,0.001658,0.001308,0.005375,0.00168,0.003037,0.003696,0.001502,0.001193,0.00165,0.007296,0.002735,0.010296,0.001005,0.001568,0.002568,0.002763,0.003072,0.001723,0.002159,0.003058,0.00057,0.001176,0.004778,0.010566,0.002408,0.002824
33,Mesoplodon bowdoini NMNZ MM001900,Ziphiidae ,odontocete,0.244499,0.010635,0.005288,0.010742,0.009243,0.009775,0.005297,0.006761,0.013729,0.006745,0.003019,0.00983,0.002515,0.002848,0.006313,0.001835,0.001539,0.000803,0.000823,0.006456,0.006711,0.002386,0.003009,0.002,0.001632,0.002558,0.003145,0.003849,0.004012,0.005399,0.00669,0.002584,0.007397,0.005785,0.002373,0.001672,0.003587,0.003789,0.004604,0.002707,0.003649,0.001539,0.001861,0.003998,0.002439,0.001023,0.001408,0.001871,0.001481,0.000822,0.001976,0.002161,0.00073,0.006734,0.005745,0.009313,0.001644,0.006017
34,Mesoplodon carlhubbsi USNM 504128,Ziphiidae ,odontocete,0.232171,0.006965,0.008593,0.003826,0.007429,0.007254,0.005311,0.005103,0.007939,0.005221,0.004775,0.004865,0.003316,0.003622,0.005297,0.002667,0.003736,0.003575,0.00385,0.005818,0.004892,0.002935,0.002384,0.003442,0.002483,0.002419,0.004001,0.004349,0.002742,0.003146,0.003772,0.001499,0.005168,0.005388,0.002659,0.0029,0.006839,0.004244,0.002132,0.002344,0.001533,0.003274,0.001581,0.01546,0.003892,0.001553,0.000658,0.000702,0.000685,0.001191,0.001923,0.002471,0.002479,0.005544,0.00671,0.007479,0.001661,0.004475
35,Mesoplodon europaeus USNM 571665,Ziphiidae ,odontocete,0.210671,0.005994,0.004974,0.01008,0.008423,0.006902,0.005242,0.004083,0.023901,0.004176,0.002823,0.006206,0.002329,0.003738,0.002393,0.003194,0.002077,0.00225,0.002977,0.003414,0.004259,0.002719,0.001707,0.001924,0.002195,0.002726,0.003659,0.001985,0.002665,0.002844,0.004278,0.002389,0.00126,0.003251,0.005096,0.002767,0.001733,0.001624,0.003429,0.001869,0.002737,0.004047,0.00258,0.004581,0.001465,0.002241,0.001155,0.003646,0.001566,0.000734,0.002809,0.001211,0.00149,0.003517,0.002137,0.008704,0.00174,0.00476
36,Mesoplodon ginkgodens USNM 298237,Ziphiidae ,odontocete,0.19294,0.005588,0.007322,0.00731,0.006191,0.007577,0.00224,0.001148,0.005111,0.009251,0.000263,0.007995,0.0037,0.002659,0.002692,0.002196,0.00118,0.001191,0.001676,0.001916,0.000607,0.002879,0.001948,0.001615,0.001639,0.002879,0.002689,0.002382,0.001939,0.001265,0.002738,0.001985,0.002231,0.001212,0.005002,0.005233,0.001651,0.002389,0.000902,0.001783,0.001781,0.003305,0.004282,0.006957,0.00307,0.00193,0.003637,0.001655,0.004398,0.003781,0.001954,0.00339,0.004333,0.001749,0.005243,0.006439,0.003394,0.009464
37,Mesoplodon grayi USNM 49880,Ziphiidae ,odontocete,0.206867,0.002856,0.008167,0.008368,0.009487,0.008259,0.00088,0.0021,0.009899,0.009976,0.001437,0.007255,0.002638,0.002284,0.000972,0.00421,0.001355,0.002061,0.000586,0.002725,0.002748,0.002516,0.001431,0.002372,0.002133,0.002483,0.000704,0.002167,0.008693,0.005909,0.001896,0.002896,0.000622,0.001755,0.006996,0.010059,0.001845,0.00218,0.001116,0.001432,0.001158,0.003822,0.001628,0.002904,0.001961,0.000741,0.001195,0.000967,0.00106,0.002014,0.002535,0.006706,0.000569,0.002521,0.009712,0.009159,0.001936,0.008812
38,Mesoplodon hectori NHM 1949.8.19.1,Ziphiidae ,odontocete,0.252207,0.005192,0.017851,0.006961,0.014734,0.009749,0.004102,0.004458,0.016787,0.00459,0.002144,0.007877,0.001391,0.00279,0.002348,0.00175,0.003272,0.002811,0.001771,0.004746,0.004921,0.00382,0.001902,0.004202,0.00163,0.003909,0.003052,0.004637,0.001882,0.006258,0.005037,0.00367,0.002485,0.003973,0.004211,0.002458,0.002124,0.004812,0.005032,0.001833,0.004142,0.001735,0.002943,0.003605,0.004348,0.005046,0.002547,0.002439,0.001265,0.001101,0.000739,0.001696,0.003088,0.004436,0.005476,0.014537,0.001865,0.004024
39,Mesoplodon hotaula USNM 593426,Ziphiidae ,odontocete,0.213226,0.007016,0.004257,0.006125,0.007399,0.009594,0.002995,0.002202,0.009752,0.001255,0.000674,0.005721,0.002013,0.005433,0.004488,0.003857,0.005134,0.004641,0.002702,0.001257,0.000975,0.004072,0.003754,0.00083,0.003682,0.003923,0.005378,0.004778,0.000883,0.005661,0.005425,0.003084,0.002187,0.001437,0.001151,0.002506,0.003015,0.004883,0.000385,0.002054,0.001698,0.004917,0.002242,0.012836,0.003737,0.0021,0.004284,0.005193,0.002744,0.000737,0.002591,0.00216,0.00129,0.000331,0.006191,0.007847,0.002886,0.002868
40,Mesoplodon layardii USNM 550150,Ziphiidae ,odontocete,0.240395,0.013364,0.013001,0.014483,0.014434,0.01005,0.002486,0.002962,0.011235,0.002247,0.002182,0.015584,0.002376,0.000713,0.001957,0.001181,0.003255,0.002592,0.001311,0.000723,0.001398,0.004281,0.002471,0.00309,0.002654,0.003823,0.001473,0.004457,0.0037,0.005897,0.003617,0.000784,0.002749,0.001301,0.001509,0.004493,0.003596,0.004833,0.002418,0.00133,0.002078,0.001051,0.002071,0.006502,0.00116,0.002467,0.00254,0.003046,0.002247,0.004213,0.002057,0.001726,0.001424,0.000791,0.008774,0.015708,0.00415,0.002379
41,Mesoplodon mirus USNM 504612,Ziphiidae ,odontocete,0.202499,0.009818,0.007955,0.005184,0.004094,0.003096,0.002509,0.002625,0.013891,0.008005,0.001235,0.008288,0.002145,0.000769,0.001982,0.001808,0.001863,0.001706,0.002292,0.00333,0.002225,0.005324,0.002948,0.001253,0.005127,0.005018,0.004825,0.00389,0.002218,0.005839,0.002652,0.003388,0.001063,0.003249,0.001822,0.00419,0.003465,0.004659,0.000699,0.001449,0.002675,0.004185,0.003819,0.00437,0.002736,0.002431,0.001744,0.004539,0.000945,0.001804,0.001082,0.000729,0.001813,0.003645,0.002995,0.004008,0.002078,0.009004
42,Mesoplodon peruvianus USNM 571258,Ziphiidae ,odontocete,0.268853,0.007958,0.018203,0.011241,0.015873,0.011829,0.001933,0.002771,0.014102,0.003217,0.001156,0.010084,0.004222,0.003074,0.004313,0.00562,0.004644,0.004631,0.002025,0.00098,0.002899,0.003152,0.00298,0.003845,0.001993,0.003504,0.001566,0.003667,0.002004,0.006732,0.002501,0.001113,0.00426,0.000881,0.000317,0.003613,0.004675,0.003524,0.000725,0.001294,0.002452,0.006238,0.001263,0.001603,0.011593,0.014949,0.002308,0.0047,0.002685,0.000727,0.001298,0.002035,0.002681,0.001139,0.010327,0.01645,0.001922,0.001361
43,Mesoplodon stejnegeri USNM 504330,Ziphiidae ,odontocete,0.203605,0.008245,0.008206,0.004921,0.010427,0.007162,0.001732,0.003635,0.00946,0.002867,0.000551,0.009051,0.004501,0.002429,0.00582,0.001095,0.003126,0.001398,0.002357,0.001796,0.001488,0.00381,0.003047,0.001804,0.004305,0.003067,0.003932,0.002411,0.001351,0.006453,0.00366,0.0024,0.006566,0.001607,0.002244,0.00344,0.001042,0.002374,0.000541,0.002958,0.004757,0.004105,0.002621,0.005773,0.001067,0.000257,0.002046,0.00163,0.001562,0.00084,0.001629,0.002876,0.002956,0.000728,0.008919,0.010753,0.001924,0.001885
44,Mesoplodon traversii (juvenile) NMNZ TMP013005,Ziphiidae ,odontocete,0.24232,0.003782,0.012944,0.014074,0.004402,0.012801,0.010494,0.006171,0.01286,0.007338,0.002517,0.009233,0.002109,0.002607,0.006172,0.002478,0.004527,0.005765,0.002144,0.005123,0.008153,0.001571,0.003329,0.00418,0.005405,0.000804,0.003274,0.002087,0.003264,0.003198,0.002517,0.000663,0.002444,0.004728,0.001978,0.003752,0.003208,0.001945,0.001356,0.001394,0.002378,0.002856,0.004786,0.001515,0.002894,0.000718,0.001149,0.003425,0.001122,0.000906,0.002492,0.003109,0.003534,0.004845,0.001999,0.004725,0.002521,0.010556
45,Monodon monoceros USNM 267959,Monodontidae,odontocete,0.545526,0.026998,0.028758,0.02065,0.009652,0.023479,0.010773,0.010609,0.028431,0.01065,0.00635,0.009733,0.017037,0.008165,0.009391,0.010521,0.009299,0.00259,0.004412,0.00903,0.009189,0.001148,0.008648,0.006234,0.00647,0.008143,0.006721,0.003423,0.005974,0.005824,0.00345,0.008611,0.009043,0.007854,0.003021,0.004927,0.004235,0.016652,0.003829,0.00649,0.006985,0.003348,0.007905,0.004596,0.006898,0.003923,0.00296,0.008852,0.003364,0.002497,0.004484,0.001828,0.003929,0.008747,0.035226,0.036874,0.005487,0.011209
46,Neophocaena asiaeorientalis USNM 240001,Phocoenidae ,odontocete,0.322528,0.005513,0.009034,0.006024,0.006616,0.008671,0.007291,0.005711,0.003554,0.005587,0.003104,0.004649,0.008628,0.008997,0.007039,0.006989,0.007233,0.007597,0.00764,0.00638,0.005872,0.003307,0.006568,0.00968,0.00933,0.003587,0.003095,0.003259,0.007779,0.007145,0.00125,0.005855,0.012886,0.005809,0.00813,0.007107,0.000343,0.003183,0.001536,0.005004,0.005277,0.007819,0.002943,0.004284,0.00551,0.006716,0.004002,0.002649,0.003542,0.001807,0.003111,0.002256,0.002434,0.006297,0.004641,0.006616,0.008203,0.007441
47,Neophocaena phocaenoides NHM 1903.9.12.3,Phocoenidae ,odontocete,0.328186,0.000887,0.014104,0.003127,0.005805,0.009517,0.002657,0.003735,0.031153,0.0033,0.001844,0.001379,0.003122,0.009067,0.013226,0.004913,0.005368,0.005887,0.006376,0.003236,0.002817,0.00199,0.005199,0.009643,0.01358,0.00424,0.007,0.005022,0.002344,0.007782,0.004565,0.006333,0.004803,0.003283,0.008799,0.0061,0.008536,0.003995,0.005789,0.003929,0.004488,0.012817,0.002427,0.004568,0.001926,0.001755,0.004289,0.008096,0.004582,0.002475,0.002667,0.003302,0.005443,0.004465,0.006385,0.007007,0.005536,0.001505
48,Orcaella brevirostris NHM.1883.11.20.2,Delphinidae,odontocete,0.374143,0.013365,0.015217,0.015042,0.014235,0.011966,0.001061,0.004278,0.025982,0.0093,0.00162,0.012439,0.013703,0.007696,0.006089,0.003693,0.005396,0.00175,0.006575,0.002225,0.001786,0.010663,0.005344,0.008928,0.013252,0.010493,0.007994,0.007833,0.003722,0.010753,0.006896,0.002657,0.004289,0.002143,0.000766,0.002947,0.006376,0.008055,0.002357,0.005534,0.00655,0.002277,0.004247,0.005616,0.002823,0.003039,0.00131,0.00327,0.000505,0.003336,0.010059,0.002155,0.001789,0.00159,0.003785,0.014275,0.003667,0.009433
49,Orcaella heinsohni USNM 284430,Delphinidae,odontocete,0.350189,0.019838,0.014697,0.014034,0.019309,0.013422,0.001395,0.002174,0.01258,0.009203,0.000791,0.013331,0.001672,0.001967,0.002787,0.004663,0.007908,0.002685,0.001579,0.002985,0.0003,0.008181,0.004729,0.004089,0.006708,0.009046,0.006037,0.009842,0.005391,0.009023,0.003532,0.00291,0.0012,0.004285,0.001124,0.002341,0.004408,0.010605,0.001907,0.002578,0.003662,0.003713,0.005655,0.020437,0.002102,0.003912,0.001186,0.001132,0.001079,0.000607,0.005267,0.002427,0.003196,0.000888,0.019537,0.019553,0.002569,0.008011
50,Orcinus orca USNM 11980,Delphinidae,odontocete,0.283958,0.005671,0.02451,0.008788,0.001269,0.013636,0.003398,0.005672,0.017005,0.009764,0.001507,0.019333,0.005319,0.003371,0.002804,0.001361,0.002237,0.002077,0.005301,0.00326,0.003664,0.00496,0.002843,0.001973,0.005715,0.004575,0.002837,0.004466,0.004653,0.007054,0.002702,0.004275,0.004449,0.002446,0.002503,0.003228,0.001991,0.004264,0.001604,0.000946,0.002705,0.003804,0.01195,0.015287,0.001576,0.001775,0.001014,0.002387,0.000923,0.001787,0.004099,0.00324,0.002941,0.003206,0.000898,0.000996,0.003837,0.014102
51,Peponocephala electra USNM 504511,Delphinidae,odontocete,0.322397,0.012997,0.013802,0.013799,0.016676,0.011542,0.001951,0.001479,0.022817,0.0086,0.001606,0.018203,0.00487,0.003876,0.005496,0.004928,0.004815,0.00453,0.002975,0.001795,0.002197,0.006158,0.004216,0.002742,0.00337,0.006033,0.003099,0.002939,0.003009,0.006727,0.00865,0.002187,0.002326,0.001497,0.002845,0.002882,0.004289,0.002912,0.002686,0.002055,0.001589,0.003657,0.00348,0.009843,0.002118,0.000622,0.002697,0.004798,0.002776,0.001875,0.003719,0.002966,0.002303,0.001565,0.020005,0.016692,0.003325,0.008788
52,Phocoena dioptrica NHM 1939.9.30.1,Phocoenidae ,odontocete,0.28415,0.009741,0.008463,0.004305,0.007135,0.006114,0.00389,0.0029,0.006704,0.004015,0.002852,0.005866,0.007278,0.005912,0.005144,0.006729,0.004664,0.004385,0.006957,0.004709,0.002018,0.003355,0.004554,0.006557,0.008886,0.003481,0.002048,0.002915,0.003066,0.003675,0.003534,0.003214,0.002157,0.004436,0.008416,0.002106,0.005801,0.0032,0.001714,0.003111,0.002924,0.00965,0.004889,0.016214,0.001081,0.003494,0.005129,0.007698,0.005327,0.004547,0.002314,0.003038,0.003288,0.003934,0.009798,0.006795,0.004777,0.003245
53,Phocoena phocoena AMNH 212161,Phocoenidae ,odontocete,0.214209,0.004839,0.006077,0.007691,0.004464,0.005443,0.00359,0.002982,0.003435,0.002898,0.000678,0.002689,0.008166,0.003535,0.002844,0.003654,0.005708,0.005541,0.005056,0.002234,0.002621,0.006754,0.004965,0.004937,0.005212,0.00691,0.00146,0.002201,0.0067,0.002691,0.006639,0.002479,0.003402,0.002937,0.004387,0.003795,0.000821,0.001886,0.001377,0.003315,0.007786,0.001394,0.001821,0.00335,0.000337,0.005014,0.002778,0.002226,0.002577,0.001458,0.004966,0.002664,0.001148,0.003186,0.005515,0.00436,0.004257,0.002362
54,Phocoena sinus SDNHM 20697,Phocoenidae ,odontocete,0.309366,0.018891,0.007831,0.003931,0.004355,0.009441,0.005635,0.006627,0.007728,0.005941,0.004009,0.001785,0.006382,0.008283,0.007138,0.004051,0.005751,0.005694,0.005141,0.00539,0.005954,0.004653,0.005371,0.004448,0.008586,0.004726,0.008159,0.004096,0.004447,0.008648,0.004353,0.001903,0.003443,0.005507,0.007935,0.004176,0.003926,0.004427,0.004959,0.003452,0.002551,0.006216,0.006588,0.013021,0.003519,0.002934,0.000881,0.001888,0.000666,0.002198,0.006754,0.005855,0.004272,0.003953,0.005259,0.004089,0.004211,0.007339
55,Phocoena spinpinnis NHM 1900.5.7.29,Phocoenidae ,odontocete,0.319777,0.019865,0.013277,0.009769,0.011635,0.012727,0.002662,0.003869,0.005362,0.001551,0.002069,0.010406,0.012593,0.008793,0.006313,0.00284,0.006962,0.007165,0.001874,0.002871,0.003805,0.001417,0.01117,0.010014,0.012035,0.000979,0.0028,0.006661,0.005752,0.001915,0.002574,0.007471,0.002602,0.002659,0.001078,0.003858,0.008994,0.006979,0.003495,0.000578,0.001645,0.001819,0.007211,0.013199,0.002675,0.003071,0.003905,0.002519,0.003632,0.002424,0.005083,0.002571,0.001738,0.001607,0.011206,0.011618,0.001463,0.002951
56,Phocoenoides dalli USNM 276062,Phocoenidae ,odontocete,0.267514,0.01422,0.013582,0.010614,0.00907,0.013257,0.005717,0.005042,0.004748,0.005037,0.00307,0.006609,0.004222,0.002998,0.003395,0.006627,0.00327,0.002968,0.003283,0.005576,0.003687,0.001294,0.003021,0.006162,0.004772,0.001323,0.002653,0.001975,0.004518,0.003,0.002497,0.001945,0.002662,0.005785,0.003519,0.002316,0.002692,0.003241,0.001328,0.003694,0.002562,0.004533,0.003493,0.008745,0.002881,0.002494,0.002489,0.005964,0.002448,0.001861,0.002691,0.001844,0.004858,0.005295,0.012329,0.009094,0.003033,0.005514
57,Physeter macrocephalus NHM 2007.1,Physeteridae,odontocete,0.455997,0.01585,0.022349,0.020674,0.02094,0.013777,0.005971,0.002414,0.014003,0.009984,0.002755,0.015973,0.009835,0.006778,0.007503,0.007607,0.006402,0.006031,0.004943,0.006493,0.00514,0.003242,0.011808,0.006844,0.004796,0.003345,0.00419,0.004474,0.002591,0.003913,0.000749,0.004158,0.009639,0.005961,0.010943,0.007189,0.005971,0.00487,0.003327,0.001533,0.003281,0.006778,0.009011,0.01389,0.002486,0.005262,0.010338,0.005237,0.010244,0.001336,0.003757,0.006864,0.005689,0.007764,0.026248,0.022552,0.005585,0.004707
58,Platanista gangetica USNM 172409,Platanistidae,odontocete,0.448841,0.011961,0.012811,0.012743,0.01106,0.014881,0.006546,0.006395,0.009932,0.006155,0.011807,0.010787,0.006464,0.008469,0.006285,0.006508,0.00399,0.006085,0.003754,0.006584,0.006789,0.008742,0.00835,0.005403,0.010699,0.008993,0.007063,0.009207,0.019069,0.005723,0.007684,0.00449,0.016384,0.006416,0.004282,0.004748,0.011997,0.009045,0.002584,0.002145,0.00346,0.011055,0.002262,0.00464,0.005605,0.004288,0.005674,0.003317,0.005539,0.011855,0.005319,0.006183,0.016596,0.006777,0.008322,0.010863,0.006776,0.007281
59,Pontoporia blainvillei USNM 482727,Pontoporiidae ,odontocete,0.179004,0.00693,0.009252,0.002564,0.000711,0.005866,0.002489,0.002589,0.014487,0.019043,0.001696,0.013898,0.000762,0.001065,0.000903,0.00093,0.000837,0.000507,0.001181,0.001014,0.001601,0.002295,0.001236,0.001747,0.000971,0.002767,0.00168,0.002298,0.004072,0.002213,0.001957,0.001788,0.002281,0.000848,0.001271,0.003287,0.001185,0.002447,0.000662,0.001381,0.002843,0.001688,0.000898,0.006512,0.001266,0.001027,0.002519,0.002529,0.002288,0.001773,0.001299,0.000763,0.002694,0.001042,0.001049,0.000988,0.003139,0.019973
60,Pseudorca crassidens USNM 11320,Delphinidae,odontocete,0.40812,0.010421,0.006951,0.004148,0.004871,0.007601,0.001984,0.007111,0.012115,0.006707,0.004863,0.004065,0.005576,0.005161,0.005236,0.008144,0.013122,0.013519,0.009607,0.007832,0.003326,0.002496,0.007923,0.011573,0.007423,0.001354,0.005579,0.00519,0.005205,0.005894,0.012074,0.008541,0.009701,0.008171,0.00883,0.006628,0.013331,0.009046,0.006978,0.005331,0.006186,0.009712,0.010003,0.004156,0.009746,0.00512,0.005717,0.012466,0.005634,0.001792,0.005392,0.00737,0.010495,0.008075,0.005633,0.004997,0.00948,0.002515
61,Sotalia guianensis USNM 571558,Delphinidae,odontocete,0.280522,0.007456,0.010826,0.009901,0.009485,0.003885,0.003647,0.005617,0.007835,0.005399,0.001333,0.008175,0.001919,0.004761,0.006386,0.003881,0.003202,0.003599,0.002621,0.006049,0.006443,0.005333,0.003238,0.007289,0.009837,0.005778,0.001892,0.003592,0.006443,0.006483,0.006492,0.003145,0.002918,0.006192,0.001315,0.001547,0.002837,0.00372,0.002227,0.004839,0.00697,0.006967,0.002885,0.008399,0.001604,0.00395,0.004781,0.001833,0.004409,0.002021,0.002654,0.00112,0.003633,0.005573,0.010256,0.009433,0.002819,0.003682
62,Sousa chinensis NHM 1992.97,Delphinidae,odontocete,0.231588,0.001089,0.008726,0.009354,0.006779,0.007487,0.002205,0.001369,0.018977,0.01943,0.001222,0.007957,0.006391,0.003952,0.005376,0.002154,0.002885,0.0031,0.004843,0.00081,0.001934,0.002478,0.001877,0.003444,0.002284,0.003723,0.001716,0.003611,0.005155,0.004709,0.001601,0.002425,0.001106,0.000433,0.001523,0.00083,0.003472,0.003411,0.000905,0.002137,0.005033,0.011171,0.003077,0.001862,0.002818,0.001358,0.000905,0.002125,0.001022,0.002155,0.002551,0.001554,0.003697,0.000514,0.00492,0.006665,0.008265,0.009019
63,Sousa plumbea USNM 550941,Delphinidae,odontocete,0.227591,0.005171,0.010363,0.004156,0.00541,0.003362,0.002603,0.001781,0.012703,0.014784,0.001068,0.009689,0.002394,0.005076,0.004673,0.004171,0.004268,0.004655,0.001998,0.002263,0.002576,0.004527,0.001633,0.002643,0.004405,0.003101,0.003552,0.00187,0.003307,0.005587,0.002112,0.004037,0.00419,0.002503,0.001207,0.001666,0.002771,0.001824,0.001517,0.001735,0.006143,0.003107,0.006325,0.006317,0.00358,0.002474,0.002698,0.005168,0.002597,0.002238,0.001564,0.002056,0.002396,0.001843,0.004306,0.005615,0.002572,0.009238
64,Sousa sahulensis NHM 1992.92,Delphinidae,odontocete,0.230699,0.006018,0.005046,0.005097,0.003694,0.006235,0.006829,0.008286,0.007098,0.008416,0.004759,0.009759,0.003739,0.004517,0.004294,0.002718,0.001589,0.001267,0.001885,0.006428,0.007003,0.002438,0.001864,0.003083,0.003283,0.002368,0.003914,0.003016,0.004276,0.005247,0.001945,0.002136,0.002204,0.006026,0.005349,0.00429,0.004487,0.002708,0.00241,0.002551,0.001905,0.00283,0.003387,0.004498,0.002846,0.001227,0.001138,0.002626,0.001244,0.001039,0.004229,0.006434,0.005598,0.006151,0.003635,0.003833,0.001387,0.008423
65,Sousa teuszii NHM 1992.138,Delphinidae,odontocete,0.24143,0.000939,0.005882,0.006701,0.007904,0.009561,0.006577,0.00094,0.010741,0.007934,0.000877,0.006934,0.005472,0.001886,0.004212,0.004085,0.004468,0.003859,0.003447,0.001498,0.001223,0.009617,0.00231,0.003272,0.002937,0.008683,0.003122,0.003407,0.006993,0.010856,0.003063,0.001818,0.005059,0.001854,0.001489,0.004047,0.001731,0.003337,0.00092,0.003412,0.003405,0.003404,0.005583,0.001744,0.003918,0.0019,0.006001,0.004275,0.005178,0.001608,0.003493,0.001189,0.00331,0.001249,0.004193,0.008345,0.003035,0.006534
66,Stenella attenuata NHM 1966.11.18.5,Delphinidae,odontocete,0.238286,0.007176,0.008257,0.008603,0.010292,0.009542,0.00354,0.00244,0.021076,0.009718,0.003163,0.008819,0.001822,0.001274,0.00321,0.002795,0.001948,0.001264,0.001569,0.001634,0.001301,0.004808,0.001273,0.001892,0.003454,0.004818,0.002151,0.002286,0.007481,0.003809,0.005083,0.006666,0.002628,0.00228,0.003641,0.003277,0.004534,0.002576,0.001244,0.002139,0.001992,0.002208,0.002511,0.005454,0.001895,0.00156,0.00189,0.001427,0.001878,0.000401,0.001479,0.002703,0.00438,0.001517,0.00909,0.01066,0.002619,0.009139
67,Stenella longirostris USNM 395270,Delphinidae,odontocete,0.320005,0.013159,0.019549,0.011479,0.012216,0.022791,0.005043,0.005112,0.018468,0.005229,0.003683,0.01044,0.002763,0.002535,0.001843,0.004444,0.006728,0.006254,0.003451,0.004805,0.003821,0.005215,0.001864,0.00379,0.00143,0.005264,0.003583,0.00632,0.009175,0.005531,0.005238,0.002811,0.001729,0.004517,0.001758,0.001256,0.008326,0.006796,0.001599,0.000773,0.001919,0.006573,0.002178,0.003314,0.004836,0.005634,0.002402,0.00219,0.002122,0.001615,0.001964,0.002946,0.002862,0.005048,0.014054,0.011699,0.003073,0.004785
68,Steno bredanensis USNM 572789,Delphinidae,odontocete,0.249981,0.007443,0.008266,0.006584,0.010171,0.007934,0.002242,0.003751,0.018559,0.00359,0.000775,0.009648,0.001583,0.002262,0.005307,0.004613,0.008082,0.00777,0.005378,0.002267,0.002698,0.002956,0.002448,0.004121,0.001891,0.003675,0.003369,0.00281,0.001026,0.004395,0.0061,0.001331,0.002641,0.002765,0.002651,0.006816,0.002564,0.002994,0.001718,0.00316,0.004034,0.007234,0.002066,0.005947,0.003064,0.003367,0.002192,0.002049,0.00197,0.000897,0.004512,0.002655,0.002045,0.002162,0.012322,0.009998,0.002155,0.002959
69,Tasmacetus shepherdi USNM 484878,Ziphiidae ,odontocete,0.223691,0.007599,0.0053,0.004735,0.004688,0.00591,0.001716,0.002329,0.010455,0.009621,0.001134,0.005543,0.004202,0.003268,0.001157,0.00242,0.003249,0.002469,0.002188,0.001691,0.000296,0.007701,0.004482,0.002489,0.00273,0.007436,0.003777,0.005837,0.005842,0.008198,0.004768,0.00326,0.001861,0.001618,0.00369,0.005626,0.003522,0.005495,0.001049,0.001758,0.001412,0.007277,0.001782,0.008859,0.001668,0.004399,0.00152,0.00184,0.002437,0.001183,0.003119,0.003095,0.002383,0.001133,0.003918,0.005307,0.001854,0.009396
70,Tursiops aduncus NHM 1882.1.2.3,Delphinidae,odontocete,0.279051,0.013616,0.015101,0.011019,0.007315,0.017692,0.005644,0.005381,0.016317,0.005489,0.003559,0.008789,0.002317,0.002575,0.002878,0.003161,0.001299,0.005058,0.003448,0.00454,0.005347,0.003974,0.001987,0.006824,0.00549,0.004624,0.00212,0.00376,0.004633,0.007411,0.00163,0.001991,0.000649,0.005179,0.002069,0.003275,0.002816,0.00374,0.001301,0.000523,0.003431,0.005052,0.002911,0.005901,0.000526,0.004187,0.002431,0.002661,0.00243,0.002554,0.005568,0.003058,0.003235,0.004506,0.007427,0.007309,0.005271,0.006054
71,Tursiops truncatus SDNHM 23798,Delphinidae,odontocete,0.267585,0.011316,0.012018,0.010499,0.007872,0.009641,0.003967,0.005562,0.013496,0.005477,0.002668,0.008959,0.002125,0.003241,0.002948,0.003507,0.005496,0.004674,0.002822,0.004466,0.003798,0.002207,0.001708,0.000858,0.002665,0.002922,0.003044,0.004859,0.008076,0.004509,0.001022,0.00482,0.002354,0.004835,0.002132,0.002954,0.002597,0.005709,0.001413,0.000675,0.003499,0.003271,0.003095,0.009118,0.004067,0.003563,0.003827,0.006317,0.004057,0.001567,0.003564,0.00165,0.001579,0.004264,0.012209,0.008076,0.004552,0.0054
72,Ziphius cavirostris NHM 2006.15,Ziphiidae ,odontocete,0.256996,0.015137,0.009337,0.015448,0.010423,0.01393,0.000742,0.002177,0.002806,0.003098,0.001659,0.005212,0.001973,0.003949,0.005654,0.002846,0.004078,0.003282,0.00147,0.002662,0.001613,0.005536,0.00379,0.005189,0.004825,0.005493,0.002517,0.002037,0.003473,0.007226,0.001593,0.000832,0.004088,0.003015,0.004973,0.005399,0.008594,0.002205,0.000843,0.00219,0.003835,0.008759,0.001591,0.004048,0.004372,0.003645,0.002818,0.003147,0.002269,0.001417,0.001998,0.001462,0.007905,0.002899,0.009949,0.010557,0.002126,0.002883
,,,,21.05588,,,,,,,,,,,,,,,,,,,,,,,,,,,,,,,,,,,,,,,,,,,,,,,,,,,,,,,,,
,,,,0.292443,,,,,,,,,,,,,,,,,,,,,,,,,,,,,,,,,,,,,,,,,,,,,,,,,,,,,,,,,
,,,,,,,,,,,,,,,,,,,,,,,,,,,,,,,,,,,,,,,,,,,,,,,,,,,,,,,,,,,,,
,,,,,,,,,,,,,,,,,,,,,,,,,,,,,,,,,,,,,,,,,,,,,,,,,,,,,,,,,,,,,
,,,,,,,,,,,,,,,,,,,,,,,,,,,,,,,,,,,,,,,,,,,,,,,,,,,,,,,,,,,,,
,species,family ,suborder ,sum radii ,67,68,69,70,71,72,73,74,75,76,77,78,79,80,81,82,83,84,85,86,87,88,89,90,91,92,93,94,95,96,97,98,99,100,101,102,103,104,105,106,107,108,109,110,111,112,113,114,115,116,117,118,119,120,121,122,123
1,Balaena mysticetus 1986.1.16,Balaenidae,mysticete,0.143402,0.003369,0.002904,0.002565,0.001327,0.003622,0.002196,0.00299,0.002553,0.002477,0.00111,0.001469,0.006711,0.006027,0.004082,0.003719,0.006395,0.006413,0.002228,0.00245,0.00294,0.000987,0.002842,0.002763,0.003579,0.00253,0.002198,0.002406,0.002975,0.000589,0.001491,0.002721,0.001509,0.00297,0.003068,0.002897,0.002816,0.002669,0.001656,0.002909,0.002385,0.002163,0.005135,0.001205,0.001088,0.000764,0.000936,0.000816,0.001058,0.000961,0.00162,0.000802,0.002499,0.001324,0.002004,0.00142,0.001729,0.002371
2,Balaenoptera acutorostrata NHM 1965.11.2.1,Balaenopteridae,mysticete,0.12778,0.001178,0.002134,0.001282,0.001553,0.005321,0.001294,0.001393,0.002061,0.004197,0.003759,0.001596,0.000922,0.002624,0.001283,0.005175,0.001161,0.001131,0.002177,0.003984,0.004307,0.003182,0.002941,0.001813,0.002135,0.003061,0.003089,0.001898,0.001918,0.0023,0.003008,0.00171,0.003601,0.004174,0.001975,0.00307,0.003918,0.00182,0.000933,0.002394,0.002134,0.002454,0.00189,0.002375,0.000888,0.000379,0.000482,0.002824,0.000427,0.000925,0.000786,0.001327,0.001203,0.003556,0.001959,0.001686,0.002364,0.002649
3,Balaenoptera borealis NHM 1934.5.25.1,Balaenopteridae,mysticete,0.119444,0.000352,0.001662,0.001358,0.001592,0.001808,0.00333,0.001956,0.001687,0.00252,0.000673,0.002379,0.003975,0.002488,0.002343,0.002563,0.001785,0.001922,0.004251,0.001786,0.002404,0.002628,0.002907,0.002918,0.001687,0.002464,0.003199,0.002227,0.000846,0.002669,0.0025,0.002139,0.00286,0.002449,0.004041,0.002137,0.002717,0.002234,0.00071,0.000315,0.00151,0.002955,0.002847,0.003202,0.001041,0.000768,0.001306,0.00261,0.00117,0.002323,0.002261,0.001985,0.000328,0.001405,0.001336,0.001688,0.002807,0.00142
4,Balaenoptera brydei USNM 572922,Balaenopteridae,mysticete,0.114844,0.000362,0.000943,0.00111,0.000546,0.003852,0.001031,0.003611,0.000525,0.003922,0.002943,0.002197,0.002959,0.001463,0.000822,0.003797,0.002311,0.002659,0.002458,0.001503,0.003773,0.002334,0.002591,0.002835,0.002321,0.002135,0.003337,0.003188,0.002823,0.001024,0.002681,0.001504,0.001838,0.002317,0.002257,0.003091,0.003902,0.002865,0.001171,0.001465,0.001229,0.002523,0.001348,0.003694,0.00063,0.001369,0.000794,0.002907,0.000635,0.001015,0.00135,0.001323,0.001985,0.001559,0.001198,0.000482,0.001394,0.000942
5,Balaenoptera edeni NHM 1920.12.31.1,Balaenopteridae,mysticete,0.120416,0.000717,0.001726,0.000929,0.000814,0.002557,0.002125,0.003268,0.00106,0.002488,0.001798,0.002209,0.003718,0.00189,0.002366,0.002372,0.002622,0.003232,0.002425,0.003201,0.001295,0.002856,0.003977,0.002772,0.003255,0.002977,0.002024,0.000997,0.002077,0.002532,0.001034,0.002894,0.003228,0.002138,0.002316,0.001161,0.002919,0.001032,0.001256,0.00134,0.000862,0.003314,0.005156,0.00316,0.001747,0.001402,0.000897,0.001461,0.00094,0.001839,0.002297,0.002011,0.00045,0.00314,0.000895,0.001247,0.002342,0.001657
6,Balaenoptera musculus NHM 1892.3.1.1,Balaenopteridae,mysticete,0.184473,0.000675,0.001067,0.002359,0.001136,0.011017,0.006155,0.001785,0.000694,0.00874,0.009874,0.001769,0.001975,0.002825,0.003788,0.010625,0.001863,0.001969,0.002843,0.009624,0.011009,0.001427,0.002905,0.002141,0.002197,0.001877,0.00219,0.000772,0.002696,0.002028,0.002388,0.001779,0.003496,0.00971,0.002104,0.002576,0.008271,0.000832,0.001339,0.002707,0.004123,0.001975,0.00241,0.002039,0.000859,0.00182,0.00201,0.002748,0.001832,0.001254,0.001234,0.000608,0.001231,0.009725,0.001257,0.001077,0.00233,0.000716
7,Balaenoptera omurai NN,Balaenopteridae,mysticete,0.123751,0.000303,0.000933,0.000933,0.00121,0.001878,0.002198,0.002028,0.000385,0.003147,0.002189,0.001598,0.002847,0.006387,0.002776,0.001206,0.001738,0.001312,0.001687,0.002182,0.003116,0.001463,0.002946,0.0043,0.002543,0.001512,0.006065,0.005412,0.000634,0.003097,0.008272,0.002596,0.00243,0.000375,0.004148,0.002047,0.003029,0.005225,0.000773,0.001186,0.00088,0.001111,0.000868,0.002254,0.000545,0.001451,0.000987,0.002188,0.000987,0.001956,0.002592,0.00209,0.001391,0.001211,0.000606,0.000565,0.002596,0.001364
8,Balaenoptera physalus NHM 1862.2.7.181,Balaenopteridae,mysticete,0.119398,0.000687,0.001138,0.000637,0.001622,0.004303,0.001637,0.002396,0.001403,0.002991,0.003477,0.002238,0.002733,0.003232,0.001255,0.002831,0.002195,0.002301,0.001634,0.006166,0.002758,0.002693,0.002576,0.002001,0.000978,0.002815,0.001046,0.000982,0.000771,0.002314,0.001311,0.001959,0.001107,0.003387,0.001965,0.002517,0.003662,0.001102,0.000398,0.001467,0.00117,0.002566,0.002126,0.001359,0.001034,0.000963,0.001508,0.002852,0.00139,0.003535,0.002013,0.002352,0.002845,0.00234,0.000948,0.0017,0.002407,0.003604
9,Caperea marginata NHM 1876.2.16.1,Cetotheriidae,mysticete,0.144932,0.001604,0.001996,0.001952,0.001354,0.004212,0.004974,0.002932,0.00194,0.002116,0.002244,0.003079,0.004433,0.004645,0.002269,0.003391,0.002932,0.00246,0.002631,0.003527,0.002349,0.002392,0.002355,0.002864,0.004039,0.002462,0.003577,0.002094,0.001287,0.002191,0.001898,0.00299,0.002373,0.002997,0.000883,0.001529,0.004228,0.001244,0.001348,0.001815,0.002294,0.002316,0.000976,0.003281,0.002312,0.003312,0.002296,0.003216,0.0023,0.002643,0.001752,0.003488,0.001744,0.002534,0.000962,0.001329,0.003394,0.003178
10,Eubalaena australis NHM 1873.3.3,Balaenidae,mysticete,0.169112,0.001137,0.003058,0.001259,0.00127,0.005456,0.00176,0.003099,0.002565,0.005354,0.004302,0.000805,0.001143,0.00162,0.001489,0.004947,0.001764,0.001018,0.005483,0.004957,0.005126,0.003854,0.004147,0.003896,0.002851,0.004005,0.001849,0.002562,0.002594,0.004465,0.000765,0.004235,0.003636,0.004957,0.004542,0.005212,0.004782,0.002078,0.001338,0.001662,0.003837,0.003259,0.004874,0.00217,0.00088,0.001262,0.002952,0.001412,0.002717,0.001818,0.002043,0.001952,0.003831,0.004889,0.001938,0.001074,0.005331,0.001827
11,Eubalaena glacialis MSNUP,Balaenidae,mysticete,0.163515,0.003195,0.003141,0.00321,0.00082,0.000229,0.005349,0.004545,0.002632,0.001533,0.00158,0.003631,0.005348,0.00725,0.002021,0.00059,0.004314,0.006876,0.006237,0.001136,0.000796,0.004024,0.002967,0.006626,0.003982,0.004038,0.004426,0.001975,0.00131,0.002706,0.00177,0.003807,0.002055,0.003605,0.005112,0.00415,0.001172,0.002983,0.000298,0.001391,0.004673,0.005029,0.004511,0.002132,0.001175,0.002207,0.001221,0.002014,0.001186,0.001788,0.002471,0.002107,0.001744,0.001891,0.000899,0.000849,0.001817,0.002973
12,Megaptera novaeangliae GERM.792a,Balaenopteridae,mysticete,0.16838,0.000698,0.002003,0.002056,0.001198,0.001028,0.000693,0.00441,0.002974,0.005597,0.002199,0.001926,0.005324,0.00382,0.003044,0.008832,0.004513,0.004279,0.004474,0.002191,0.005695,0.001697,0.002919,0.004811,0.00335,0.001634,0.001478,0.002582,0.003522,0.00374,0.002592,0.003268,0.004469,0.003679,0.003974,0.002792,0.004452,0.002523,0.001308,0.001902,0.000981,0.002673,0.003508,0.003175,0.00156,0.001957,0.001956,0.001571,0.001906,0.000902,0.002842,0.004403,0.001754,0.003946,0.001369,0.001211,0.005676,0.003345
,,,,1.699448,,,,,,,,,,,,,,,,,,,,,,,,,,,,,,,,,,,,,,,,,,,,,,,,,,,,,,,,,
,,,,0.141621,,,,,,,,,,,,,,,,,,,,,,,,,,,,,,,,,,,,,,,,,,,,,,,,,,,,,,,,,
